{"entities":{"pages":{"list_of_scripts_of_unity2d_book":{"id":"list_of_scripts_of_unity2d_book","title":"Unity2D超入門講座 スクリプト一覧表","url":"list-of-scripts-of-unity2d-book.html","level":0,"tabIndex":0},"oncollision_create_prefab_target_location":{"id":"oncollision_create_prefab_target_location","title":"衝突すると、指定の場所にプレハブを作る","url":"oncollision-create-prefab-target-location.html","level":0,"tabIndex":1}}},"topLevelIds":["list_of_scripts_of_unity2d_book","oncollision_create_prefab_target_location"]}