{"entities":{"pages":{"list_of_scripts_of_unity2d_book":{"id":"list_of_scripts_of_unity2d_book","title":"Unity2D超入門講座 スクリプト一覧表","url":"list-of-scripts-of-unity2d-book.html","level":0,"tabIndex":0},"create_clickable_button_in_ui":{"id":"create_clickable_button_in_ui","title":"[WIP] UI にクリックできるボタンを作る","url":"create-clickable-button-in-ui.html","level":0,"tabIndex":1},"friday-class-mini-contest-vol1":{"id":"friday-class-mini-contest-vol1","title":"金曜クラス Unity ミニコンテスト vol.1","url":"friday-class-mini-contest-vol1.html","level":0,"tabIndex":2},"oncollision_create_prefab_target_location":{"id":"oncollision_create_prefab_target_location","title":"衝突すると、指定の場所にプレハブを作る","url":"oncollision-create-prefab-target-location.html","level":0,"tabIndex":3}}},"topLevelIds":["list_of_scripts_of_unity2d_book","create_clickable_button_in_ui","friday-class-mini-contest-vol1","oncollision_create_prefab_target_location"]}